condition,lpips_q1,lpips_q4
normal,0.38543242734411487,0.49588322097604925
shuffled,0.3712207363999408,0.4435211040756919
